,0
0,DonutMedia
1,initiald
2,PraiseTheCameraMan
3,trucksim
4,TruckersMP
5,Transformemes
6,Carola
7,TopGear
8,Merdeumane
9,akagas
10,SimonWhistler
11,RickRollArmy
12,spratti
13,BravoAlex
14,SmithFamily
15,mildlyterrifying
16,illusionporn
17,0ug
18,confusingperspective
19,comicbooks
20,DCFilm
21,DCComicsLegendsGame
22,RBMDAO
23,holdmyfeedingtube
24,FinalDestinationShit
25,watchpeoplesurvive
26,somethingimade
27,cansomeoneinvent
28,GuitarAmps
29,guitars
30,vintageaudio
31,LunaNegra
32,texasfishing
33,cestlarigolade
34,perfectlycutvideos
35,weeklyplanetpodcast
36,jokercringe
37,dooog
38,perfectlycutscreams
39,YuGiOhMemes
40,Winchester
41,AfterPrisonShow
42,Virginia
43,coltonsmemes
44,accidentallyleftwing
45,CommunismMemes
46,bernieblindness
47,Cenk_Uygur
48,KrystalKyleAndFriends
49,KingstonOntario
50,JoePera
51,iboopyou
52,vzla
53,DataWithoutGreenland
54,nextlevelskill
55,DeliriumSC
56,Rainbow
57,ManufacturingPorn
58,FUCKFACEPOD
59,Chefit
60,LearnUselessTalents
61,HelpMeFind
62,shittyaskscience
63,YogurtOwlsInLove
64,Jazza
65,doodles
66,collage
67,ParallelView
68,MarsIn3D
69,LoveLetters
70,SignBattles
71,GloriousSunRays
72,DarkSoulsIRL
73,RavnicaDMs
74,MeltMore
75,Bossfightarena
76,TreesSuckingOnThings
77,uncharted
78,mindMYcrack
79,dadjokes
80,ScienceHumour
81,punk
82,suddenlypunk
83,painting
84,phish
85,gratefuldead
86,GermanRap
87,babylon5
88,MacMiller
89,ToolBand
90,redditsings
91,ElectricalEngineering
92,GTAIV
93,petesinterest
94,infp
95,Badcompanies
96,stopworking
97,WorkplaceSafety
98,HealthClearinghouse
99,BeatTheBear
100,Noctor
101,Bullshido
102,depression_memes
103,depression_partners
104,Marriage
105,newzealand
106,Salmon
107,tires
108,Tiresaretheenemy
109,Dewalt
110,Beneathyourcity
111,Nextfuckingnonsense
112,ToxicPlastic
113,testicularcancer
114,SydenhamOntario
115,righttorepair
116,LouisRossmann
117,HalseyMemez
118,totallynotrobots
119,wien
120,VictoriaBC
121,NYCbike
122,pedale
123,masseffect
124,BiomedicalEngineers
125,Permaculture
126,alberta
127,oklahoma
128,NoTillGrowery
129,NativePlantGardening
130,FridaysForFuture
131,amarillo
132,natureporn
133,uselessredcircle
134,HumansForScale
135,okpermies
136,rootedporn
137,Regenerative_Ag
138,kerteszkedes
139,Farmers
140,AskAChristian
141,EarlyGenZ
142,SocioEconomicJustice
143,HuntingtonWV
144,newsokur
145,basicincomejapan
146,ImmersiveDaydreaming
147,Aphantasia
148,adhd_anxiety
149,MaladaptiveDreaming
150,piscesastrology
151,Chinapill
152,socialmediamadness
153,KJFQATest
154,SpidermanPS4
155,EyeOnPolitics
156,portugalnews
157,StreetEpistemology
158,portugueses
159,dirtbagcenter
160,Dysevidentia
161,vegetablegardening
162,IndoorGarden
163,Waldorf
164,LandscapingTips
165,EatLikeItMatters
166,Veggiestead
167,veganscience
168,CritterFacts
169,veg
170,pigs
171,FillsYourNiche
172,MBthin
173,TLRY
174,CLSH
175,DefeatTrump2020
176,IllusionOfFreedom
177,MadlogicMysteries
178,The_UFO_Phenomenon
179,hellier
180,ChargeYourLink
181,Megadeth
182,StupidpolEurope
183,Spielstopp
184,HereWeTrade
185,ShortStocks
186,WallSqueezeBets
187,southafrica
188,Nigeria
189,algeria
190,PersonalFinanceZA
191,internationalbusiness
192,EastAfricanFederation
193,worldnews2
194,WorldBank
195,CoronaVirusWorldNews
196,smartcities
197,rabat
198,foreignpolicyanalysis
199,foreignpolicy
200,freetrade
201,GlobalNews
202,Internationaltrade
203,SouthAfricanLeft
204,Morocco
205,economics2
206,Afghan
207,LibyanCrisis
208,syriancivilwar
209,Oceania
210,ReunifyingSouthAsia
211,Kurdishconflicts
212,MiddleEastNews
213,TurkishNews
214,IndiaSpeaks
215,YemeniCrisis
216,centralasia
217,turkishcivilwar
218,AfghanConflict
219,internationalpolitics
220,Indian_Politics
221,artificial
222,ArtificialNtelligence
223,ArtificalIntelligence
224,EuropeanNews
225,Rastafarianism
226,promote
227,AfricanHistory
228,rastafari
229,Infuriating
230,theworldnews
231,TamilNadu
232,religion
233,BibleBeatsBible
234,motivation
235,indianews
236,EthiopianHistory
237,Ethiopia
238,Bibleconspiracy
239,ChristianOccultism
240,InterestingArticle
241,HistoryofIdeas
242,terrorism
243,humanitarian
244,urbandesign
245,Positivity
246,GroceryStores
247,Waste
248,supermarketthoughts
249,foodwaste
250,RetailNews
251,ausents
252,ILTrees
253,FuturologyPolitics
254,PlanPlantPlanet
255,MarijuanaLaw
256,IndianEnts
257,CannabisGrowers
258,cannabisreform
259,research
260,MarijuanaNewsOnline
261,spacefrogs
262,substance
263,greencard
264,immigrant
265,Senate
266,TheCrownNetflix
267,AfricanCities
268,Guinea
269,goodnewsstation
270,GuineaRepublic
271,MakeInIndia
272,GreenNewDealCanada
273,north_america
274,GreenNewIdeas
275,2020
276,Catholic
277,TibetanBuddhism
278,CanadianPolitics
279,MiddleEastern
280,positivityDaily
281,happiness
282,canadanationalism
283,worldnewsplus
284,sustainableFinance
285,citizen
286,globalgoals
287,UNpath
288,Saintvincent
289,Grenada
290,ThanksSherlock
291,WithoutPlastic
292,canadanews
293,Prison
294,prisons
295,Canadian_Socialism
296,IndigenousCanada
297,abolish
298,badgovnofreedom
299,canadianlaw
300,Tigray
301,publichealth
302,SearchScene
303,WorldDiscussion
304,WorldDiscussioning
305,LatinAmericanLeft
306,windpower
307,WorldDiscussionClub
308,Worldtrade
309,AsianPolitics
310,myanmarcivilwar
311,SouthAsianPolitics
312,SouthAsia
313,internationallaw
314,droger
315,avkriminalisera
316,cyprus
317,SkyPorn
318,LikedMisc
319,Norway
320,acrophobia
321,Waterfalls
322,saveOver1000
323,Mypersub_Nature
324,MountainJuice
325,DnD_irl
326,geoguessr
327,AdPorn
328,LegaliseIreland
329,PsychedelicBets
330,stuffihavesaved
331,airpollution
332,smokelesschimney
333,chile
334,QuantifiedSelf
335,IndoorAirQuality
336,DSPDiscussion
337,NorwayPics
338,Iceland
339,Nordiccountries
340,DenmarkPics
341,tvadicto
342,NordicCool
343,klakinn
344,CippaLippa
345,ThatLookedExpensive
346,techsupportgore
347,Svalbard
348,BecomingTheIceman
349,AssassinsCreedValhala
350,IdiotsInBoats
351,nealstephenson
352,Noearthsociety
353,Frozen
354,wherewasthistaken
355,Memeulous
356,AccidentalBukkake
357,BottleDisService
358,getsomehelpbro
359,maker
360,croatia
361,bih
362,moldova
363,dubai
364,Brunei
365,nextlevel
366,latvia
367,Slovenia
368,Nepal
369,czech
370,Bahrain
371,jordan
372,unket
373,Epicentr
374,PERU
375,Asturias
376,a_Fun1_4_my_kids
377,Enfermagem
378,malaysia
379,NorwayIsPerfect
380,Rivian
381,ExChristianWitches
382,CuddlyCrows
383,RealLifeShinies
384,corvids
385,crows
386,ShiniesIRL
387,CrowGang
388,Dust_of_Memes
389,titanfolk
390,Crypto_com
391,PointCrow
392,snow
393,originSMP
394,dreamsmp
395,Philza
396,natureisfuckinbacklit
397,enlightenedbirdmen
398,ImaginaryGoblins
399,anthropomorphicfungi
400,ErgoMechKeyboards
401,keycaps
402,Zeitgeistbeweging
403,ecology
404,wildlifecorridors
405,UNAgenda21
406,GretaThunberg
407,QualityOfLifeGlobal
408,planet
409,workthatreconnects
410,BritishNationalism
411,totalliberationism
412,ecofuturism
413,thanosdidnothingwrong
414,interestingasfuck
415,geomorphology
416,PlantedTank
417,MicroNatureIsMetal
418,EDanonymemes
419,bending
420,Interestingbutcreepy
421,microscopicmetal
422,coolthingsformygirl
423,UpClose
424,unexpecteddune
425,FilmPreservationists
426,Sardonicast
427,YMS
428,DistroTube
429,thehatedone
430,firefox
431,google
432,chrome
433,cricut
434,CricutButCrass
435,discdyeing
436,academia
437,libgen
438,scihub
439,Open_Science
440,nomoneynoproblems420
441,LibertarianTech
442,plantmemes
443,invasivespecies
444,antipoaching
445,GardenWild
446,canadapoliticshumour
447,CANZUKExchange
448,Vanossgaming
449,CanadaCoronavirus
450,dankmark
451,de
452,Churchsigns
453,ocean
454,ethereum
455,computervision
456,TrashTag
457,copoverde
458,ThingsWeeLike
459,Addictionlss
460,Scotland
461,brasilia
462,vastarinta
463,drawing
464,ravens
465,llama
466,coronaviruspod
467,medlabprofessionals
468,NOCRISISJUSTCHANGE
469,illinois
470,PLABprep
471,WomensRightsNews
472,Costco
473,healthcare
474,NewLondonCounty
475,Michigan
476,CoronavirusMichigan
477,Neverbrokeabone
478,AntiVegan
479,WarOnEarth
480,objectiveEconomics
481,streetphotography
482,COVID19_Keep_Track
483,onthescene
484,Vereinsmenschen
485,sweetblocks
486,CoronaDidNothingWrong
487,JoeRogan
488,Kentucky
489,madisonwi
490,Hamilton
491,Boise
492,sandiego
493,Eugene
494,CoronavirusOregon
495,cvnews
496,behindthebastards
497,DisinformationWatch
498,CoronavirusJapan
499,michigandemocrats
500,CoronavirUSA
501,CoronaVirusLA
502,Santaniego
503,PledgeToImpeach
504,DrillsGoneWild
505,BerniesRevolution
506,CovidPanel
507,RealBlueMidterm
508,FreePolDiscussion
509,Fundy
510,ColdOnes
511,Chang_Gang
512,bindingofisaac
513,prekewlmeemz
514,asianpeoplegifs
515,IASIP
516,wildlypenis
517,UnexpectedCommunity
518,GrowingMarijuana
519,CobraKai_Memes
520,Bongsai
521,uselessredsquare
522,pomfreymd
523,IllegallySmolCats
524,mirroring
525,AnimalsBeingGeniuses
526,Animalsthatlovemagic
527,nextfuckinglevel
528,natureisfuckingmetal
529,jibungatari
530,poopisland
531,l3daisy
532,dexterslk
533,TheBoys
534,MemePiece
535,rollercoasterjerk
536,lillunchbox
537,TopMindsOfTMOR
538,Flipping
539,DeepSpaceNine
540,fbhw
541,KOT4Q
542,CabinPressure
543,TheGreatNorth
544,louisck
545,WorldofTanksConsole
546,CumTownChat
547,dcss
548,AskEasternEurope
549,uncannyvalley
550,ussr
551,NexusAurora
552,CosmonautsHistory
553,FigureSkating
554,olympics
555,Finland
556,eu4
557,WKUK
558,PoliticalHumour
559,AmericasSocialists
560,curbyoursocialism
561,movqqq
562,cinematography
563,blockchainio
564,IsItProblematic
565,wholesomeyoutube
566,rugbyunion
567,HellLetLoose
568,WesternCivilisation
569,HistoryOfAustria
570,GoodKings
571,tiktokcults
572,Drawfee
573,Jesswouldlikethat
574,ucla
575,Frisson
576,happycrowds
577,osugame
578,grohlsome
579,Workstress
580,SurfTV
581,HelpingFamilies
582,praiseeveryone
583,Communitarians
584,Enough_Sanders_Spam
585,karmawhoresrus
586,InconvenientFacts
587,ClimateRealityProject
588,tmbg
589,TraditionalShamanism
590,TheBeardedCollection
591,degeneradosnozap
592,fightporn
593,DarwinAwards
594,donthelpjustfilm
595,videosthatendtoosoon
596,FellingGoneWild
597,BurningAsFuck
598,mesolucky
599,howtonotgiveafuck
600,purrkour
601,freemagic
602,AccidentalTerrorism
603,suicidalcameraman
604,holdmyredbull
605,xbiking
606,Anarchopunks
607,based
608,anarchomusic
609,Mordhau
610,AnarchismOnline
611,UpliftingPraxis
612,myanmar
613,EZLN
614,PraxisTube
615,chingchonghanji
616,Zoomies
617,WhichFuckingLevel
618,PrisonTikTok
619,iamverybadass
620,BruceDropEmOff
621,AntiVaxxers
622,conspiracyundone
623,redneckengineering
624,StonerCringe
625,drugscirclejerk
626,TheBigLezShow
627,drugcirclejerk
628,donttrythisinreallife
629,yellowstone
630,IdiotsOfYellowstone
631,tookjustenough
632,surprisinglyhot
633,PlayingWithFire
634,suddenlyonfire
635,MildlyVandalised
636,hmm
637,Wholesomeholup
638,karensincars
639,Against_Genocide
640,dankvideos
641,TinFoilHatPod
642,MuslumanTurk
643,LifeofBoris
644,NoahGetTheDeathStar
645,Sneks
646,wholesomechina
647,DeclineIntoCensorship
648,CaliphateRestoration
649,deletespain
650,ChinaIsAssHoe
651,beatMeatToIt
652,wowfuckthewhat
653,ConspiracyProgramming
654,Uyghur
655,bluepillorredpill
656,kingcobrajfs
657,USMC
658,monicaposting
659,suddenlyape
660,cursedvideos
661,Obotecodoreddit
662,REResistanceGame
663,scooters
664,AtariStockAllPosts
665,pfennigfuchser
666,SaskatchewanPolitics
667,Indigenous
668,CBC_
669,nunavut
670,NativeGamers
671,worldanarchism
672,TheCrescent
673,HealMovement
674,xxpowerlifting
675,sqvrltastic
676,archeologyworld
677,CulturalLayer
678,ancientgreece
679,ArchaeologyZone
680,quatria
681,KingdomofSaudiArabia
682,ancient
683,CivVI
684,History_Mysteries
685,AlternativeHistory
686,mediterranea
687,RomanHistory
688,ItalyPhotos
689,classified
690,CMHPodcast
691,Alex
692,truetherclub
693,Niburu
694,ted
695,GrahamHancock
696,ncpolitics
697,moundbuilders
698,IndoEuropean
699,Illinois_For_Adults
700,metaldetecting
701,mysterious
702,MatthewReilly
703,Polytopia
704,MiddleEastHistory
705,Map_Porn
706,whitewater
707,Damnthatsinteresting
708,Outdoors
709,BreakingBenjamin
710,CantBelieveThatsReal
711,IWasTodayYearsOld
712,Personal_Reddit_of_VC
713,NaturalPhenomena
714,HumanTrafficking
715,Trump2020
716,TrollXFunny
717,britposting
718,alabamapolitics
719,brave_browser
720,seinfeld
721,Chipotle
722,WorstYearEverPod
723,Supernatural
724,NotSouthPark
725,meme
726,Persecutionfetish
727,MaverickInTheMiddle
728,IndianExmuslims
729,Stadia
730,Spokane
731,LongmontColorado
732,hagerstown
733,Lal_Salaam
734,asiantwoX
735,vouched
736,Content_Moderation
737,Bruneians
738,whygoogle
739,it
740,XraidPodcast
741,AntiFacebook
742,UFProject
743,aws
744,darknetdiaries
745,Dodgers
746,tampabayrays
747,AIDKE
748,bonecollecting
749,OlogiesPodcast
750,DamnNatureYouScary
751,Cephalopods
752,Thatsactuallyverycool
753,Carlosforscale
754,Thisismylifemeow
755,WeatherGifs
756,PvZGardenWarfare
757,inclementweather
758,AdversariesBeingBros
759,PokemonTCG
760,flyinglotus
761,AnimalsBeingMoms
762,MonkeysActingHuman
763,Stormlight_Archive
764,earthlasagna
765,LandRover
766,fractals
767,CloudsAreFake
768,debianinrandomplaces
769,FibonacciAsFuck
770,see
771,birds
772,DivorcedBirds
773,PinkGang
774,Gliding
775,ElectricUniverse
776,plasmacloudology
777,chemicalreactiongifs
778,blackmagicfuckery
779,wholesomegifs
780,GifsYouCanHear
781,euphoria
782,PeopleFuckingDying
783,BossFights
784,MortalKombat
785,GreenBayPackers
786,TheAmazingNature
787,forbiddenboops
788,PetTheDamnDog
789,PetTheDamnCat
790,FunnyAnimals
791,lemurs
792,Awww
793,beautifultrees
794,ConsulttheTarot
795,STFUitsadragon
796,sanjuanislands
797,ProperAnimalNames
798,Cetacea
799,SeaShepherd
800,belugasbeingbros
801,thenextfuckinglevel
802,meormyson
803,SealifeGifs
804,WhaleGifs
805,Cetaphobia
806,RepublicofNE
807,DontPanic
808,thassalaphobia
809,PardonMyTake
810,brakebills
811,mildlyvagina
812,dolphinconspiracy
813,penguins
814,GodlySuperPowers
815,nonono
816,dishonored
817,sunlesssea
818,gojira
819,unexpectedcosmere
820,unexpectedstormlight
821,ultravires
822,AquaticAsFuck
823,isthisearth
824,OriaCafe
825,FlyFishingCircleJerk
826,KarlPilkingtonFanClub
827,LeagueOfMemes
828,usfishfinder
829,bassfishing
830,Fishing_Gear
831,knives
832,Seaspiracy
833,HumansLovingWildlife
834,animaladdict
835,SoulSnacks
836,parrots
837,PureSatisfaction
838,Flame
839,leopardgeckos
840,MicheleEiRettili
841,neekomains
842,rept_irl
843,Felps
844,animalsbytodd
845,FriendlyPogonas
846,rush
847,Owls
848,Dance
849,APPsychology
850,FastWorkers
851,HumansDoingRobotWork
852,Battlefield
853,battlefield_one
854,AssassinsCreedOrigins
855,civ5
856,hyrule_irl
857,dontstarvetogether
858,Sims4
859,TheDragonPrince
860,SuperMarioOdyssey
861,UnnecessarySloMo
862,TheWilsonators
863,CrankGameplays
864,sterling_random_stuff
865,fuckgravity
866,HollywoodHandbook
867,lukewarmsalmon
868,BirdsAreNotReal
869,howto
870,Superbowl
871,Nicehappystuff
872,animaltoptalent
873,BorderCollie
874,SaturnOccultExposed
875,ATLA
876,Hyperion
877,CasualChina
878,LightbringerSeries
879,Colombia
880,RealLifePokemon
881,batty
882,bluey
883,BoogieMonster
884,austincirclejerk
885,Honkyandthebadger
886,WorldOfWarships
887,Warships
888,Military
889,Montana
890,mercedes_benz
891,motorcycles
892,DerScheisser
893,SeeYaLaterLosers
894,WeirdWheels
895,MotoUK
896,motorcycle
897,BattlefieldV
898,motorizedbicycles
899,WorldWar2
900,ElectricScooters
901,minibikes
902,cyclocross
903,postscriptum
904,SovietWomble
905,RedvsBlue
906,DiBlasi
907,Brompton
908,thecyclegame
909,thegrandtour
910,Zoil
911,thisveryday
912,WW2Fallschirmjager
913,Triumph
914,PresentEcommerce
915,foldingbikes
916,foundthisonline
917,The_Pleasure_Dome
918,spaceshuttle
919,seals
920,lebowski
921,natureisending
922,HardcoreVegHentaiPorn
923,codyko
924,FolkPunk
925,Davie504
926,aphextwin
927,UnusualInstruments
928,AfricanMusic
929,FourTet
930,wavegifs
931,SurfFinance
932,homegrownnationalpark
933,detroitlions
934,strapitup
935,Bigloads
936,Harambe
937,TheLetterH
938,evilbuildings
939,Thailand
940,uwotm8
941,WildTimesPod
942,Shortsqueeze
943,thestraightdopesub
944,goodhumorforfuckssake
945,qcGottaSeeThis
946,oceans
947,TheHU
948,Bioshock
949,ImaginaryNecronomicon
950,NightmareHour
951,Spoopychatmemes
952,TheLewinsons
953,HeavySeas
954,reclaimedbynature
955,BoomerGameing
956,DuckShowerThoughts
957,ericandre
958,delhi
959,coys
960,christianmemes
961,capricorns
962,gank
963,networkingmemes
964,destiny2
965,BPDmemes
966,Warzone
967,ChekhovsDitch
968,wow
969,Yatzee
970,AnimalsAreStupid
971,FunnyASF
972,junjiito
973,YEET
974,electricians
975,Im15AndThisIsYeet
976,Jennamarbles
977,Opossums
978,CartoonPTSD
979,iamveryrandom
980,gay_irl
981,upvotebecauseboobs
982,OddlyAttractive
983,Livingvicariouslythru
984,objectsfightingback
985,badparents
986,UlcerativeColitis
987,HIMYM
988,scuba
989,mayahiga
990,Nuthinbuttrouble
991,Shark_Park
992,EDC
993,deepseacreatures
994,dontPutItInYourCooch
995,octopus
996,awwwtf
997,adventuretime
998,absoluteunit
999,waterAliens
1000,splatoon
1001,migraine
1002,SGU
1003,physicsmemes
1004,deathgrips
1005,CongratulationsPod
1006,oopsec
1007,poledancing
1008,OccupationalTherapy
1009,blackmen
1010,kingkillerchronicles
1011,gtaonline
1012,aviation
1013,robberiesgonewrong
1014,WhenTheShitGoesDown
1015,TORQX
1016,fitnesscirclejerk
1017,NextFuckingLevelCJ
1018,BadAssRefs
1019,ItemShop
1020,40k
1021,GajjuMemes
1022,Yesyesyesyesnoyes
1023,lineofduty
1024,how_to_english
1025,WOMENEUROPEANHISTORY
1026,nattyorjuice
1027,TheDarkTower
1028,androgyny
1029,bestoftheinternet
1030,MuayThai
1031,TrueMuayThai
1032,Kengan_Ashura
1033,noveltranslations
1034,kaamelott
1035,shockwaveporn
1036,ANormalDayInChina
1037,lefthanded
1038,Grapplerbaki
1039,crazyimpressive
1040,Firstime
1041,Memesfortheboiz
1042,WTH
1043,floresfanfare
1044,hardstyle
1045,GuessTheCoaster
1046,CardanoCoin
1047,RodneyRodnesson
1048,MusicIndia
1049,xboxone
1050,TheCulture
1051,bobross
1052,halo
1053,HappyTrees
1054,rfms
1055,adhdmeme
1056,adhdwomen
1057,PerseveranceRover
1058,reversefishing
1059,pens
1060,multitools
1061,DinosaurKnight
1062,JonasBrosFanFiction
1063,mostrewarded
1064,Powerhourvideos
1065,discgolf
1066,MichaelJackson
1067,thisshitistight
1068,UnexpectedJoJo
1069,dontlookdown
1070,Dyson_Sphere_Program
1071,yakuzagames
1072,HotAirBallooning
1073,Steep
1074,AltitudeSickness
1075,ycatsce
1076,AccidentalNolan
1077,CapuSEEno
1078,PerfectlyCutBooms
1079,YourBudTevin
1080,NNUCS
1081,warrensburgV2
1082,NUFC
1083,BabyBumps
1084,justforsocialmedia
1085,CannedSardines
1086,AnomalyXd
1087,miniminter
1088,Surstromming
1089,gladicantsmellthat
1090,Hirnschiss
1091,carcrash
1092,EDM
1093,vigorgame
1094,Oof
1095,PeopleFalling
1096,headphones
1097,ElectricForest
1098,audiophile
1099,LSA
1100,Hunting
1101,synthesizercirclejerk
1102,hifiaudio
1103,Acoustics
1104,elkhunting
1105,hyperacusis
1106,TheForest
1107,Mish_Mash
1108,sirenhead
1109,Audiomemes
1110,nnalolile
1111,MinimalismMemes
1112,addittothebach
1113,ameisenstrassenwetten
1114,BrucesGooses
1115,WhiskeyTribe
1116,dryalcoholics
1117,alcoholism
1118,trailerparkboys
1119,Recursion
1120,Frasier
1121,SculpturePorn
1122,JuiceWRLD
1123,DefinitelyScary
1124,Sober
