subreddit,subscribers
VeganRights,537
Petroleum,1508
Argentinados,173
Anarchist_Strategy,1125
DoseDaily,4
ConfusedTravolta,31269
LittleKittiesBigDogs,2165
PoliticalRevolutionDE,45
ClothedAnimals,448
SacrilegiousHumor,435
BlackCross,356
jammingwiththings,4474
AutonomousNews,1168
VeganAww,834
TROLLXCOMMUNISM,3178
GunOwners4Reform,54
photovoltaics,508
flyyoufools,3618
anarcho_naturism,656
forcedacronyms,1274
idiotsoutofcars,9393
CoriBush,146
thassalaphobia,3844
machiningporn,4122
AccidentalDali,505
NormalDayInIndia,200
PRICXwatch,128
Poopulation,36
raccoongifs,9539
ThanksSherlock,85
dutch,24072
ThingsFightingIdiots,11424
WhaleGifs,341
infrasociology,415
GIFSThatMakeThings,15
UnexpectedMoneyShot,2788
policeviolence,35
newyorknews,32
tinyawoos,7583
GreenPower,4
ftfy,588
ProofCatsAreDicks,51
FuturisticRealism,1324
FactoryFarming,5
uselessredline,360
agitation,3429
snakeswearinghats,4129
earthaliens,972
BasicFood,7
environmentallaw,667
Adorifying,1620
unexpectedtop,211
impossiblegifts,107
elephantgifs,3994
l3daisy,4
BadTurtleNoLettuce,7253
environmemes,399
FoiledByTheStick,2083
terraforming,653
fuckatt,6
350,634
birdsonbirds,133
dustin,245
vermicompost,1213
dsa,21126
submarine,723
behindtheaction,1771
FactCheckCNN,31
unexpectedcosmere,660
BigAgro,96
WatchPeopleKillInside,2073
ThanksIAteIt,1134
sendhertotheranch,1299
michaelbaygifs,139645
leftwingmarkets,207
TheThirdPanel,3
SwimmingMemes,5311
arrestmenow,410
IdiotsOnScooters,399
1984isreality,3419
Buildings,383
Assholesome,3409
leavesomepussyforus,3258
NEguns,490
penultimatepanel,502
Anticar,183
veganfashionadvice,623
climatechangefacts,201
gogopgo,690
ElectricCarUK,221
NDGuns,122
AnimatedIllustrations,133
PeopleYeetingAnimals,379
KeanuBeingNormal,137
OpenSourceEcology,3970
SocialismAndVeganism,2749
nextduckinglevel,462
myhackernews,180
ABoringUtopia,1628
unexpectedstormlight,497
GasStations,217
socialjustice,2379
Kidsarefuckingbrutal,1415
vwid,162
Natureisfuckingnope,4731
RenewableNews,323
AngryTaxPayer,2
AntiCCP,121
TheyTrustMe,1
GoodBoiGetsPetted,2943
GreenNewDealCanada,51
badcops,148
Seenthatcoming,78
IAGuns,414
AnimalsEatingThings,183
ISSF,283
AntiCapActionFront,9
ServeAndProtect,346
HealthyGifRecipes,210
SurpriseJudo,6445
animalsyawning,868
ExposingRussia,2031
CritterFacts,3253
KindEngineering,4143
rarelobsters,11263
WholeWorker,143
doha,363
AccidentalGogh,5
goodnewseveryone,2077
Flagblack,29
boyswillbeboys,527
ANormalDayInIndia,2562
ArgentinaCampeon,164
votingtheory,653
BottleDisService,3
player3hasjoined,12354
carboncapture,705
Biodegradable,9
VeganIndia,123
BanFactoryFarming,120
LyannaWinsTheThrone,8643
HinduVegans,473
fullbodycringe,8
MassQuantities,4271
waterhomies,1916
DrinkingProblems,11603
Delaware4Sanders,212
GreenNewIdeas,537
Peoplelosingphones,15
sinkmusic,2613
Waterisfuckingstupid,12071
OpenEWC,3
USAHealthCareLove,57
semo,740
thelandofthefree,3
SmileBringers,29
openhardware,832
UselessCensorship,1563
ProgressiveLeft,496
KYGuns,491
thehydrogeneconomy,351
repostpolicehere,164
LeftistStatistics,321
RollerCoaster,441
NotAllHeroesWearCapes,872
antiprotest,137
KSGuns,736
Lowtechbrilliance,16845
AnInfuriatingDystopia,1280
AgroForestry,1096
AntarcticAnomalies,9117
regAron,4
foodsecurity,297
influencerfails,2531
VeganJusticeLeague,260
methanecrisis,175
DeathToBuzzfeed,12671
idiotsintractors,120
Robotsforeyes,40
creativegardening,3919
libgen,26473
ClimateChangeWar,140
VeganInfographics,1788
theAlgorithmHasSpoken,3
pinkpistols,2539
Error418,10
reggaerevival,314
SouthKoreanPolitics,847
AccidentalHentai,38
ClimateCrazies,3
RektByFactsAndLogic,890
the_Bubsy,88
RadicalSelfCare,698
kiwiworld,3
UpstateUrban,746
Viral_repost,6
CatsPlayingInSnow,129
fuckcars,2592
CleanWater,163
SocialEcology,648
wageslavery,183
FUCKINGINFURIATING,1143
SPEEA,33
NoUpperBodyStrength,5
HIGuns,108
climatescience,772
Chadtopia,111680
Influencersinthewild,4553
NotMeantToBeFunny,3543
socialanarchism,2574
BirdsAreWeird,276
BigEnergy,212
CoronavirusPrepareNow,222
cyborgs,5148
Policeoversight,13
notactuallyworldnews,7
diejuden,7
LAGuns,369
Colorado4Sanders,1148
GarbageHeap,5
Coronaphobia,316
ALGuns,499
CatsArentReal,2990
MEGuns,214
SealifeGifs,3401
Charlotte_2020,0
isthisearth,2370
Bigloads,1891
UnfuckTheWorld,103
vwid4,91
shoebillsarentreal,472
FLSec,56
Full_news,10974
HoldMyDonut,167
iam13andthisisdeep,464
PresidentBernie,326
fuckthepolice,2867
techable,131
AnarquismoBrasil,391
whowillbuildtheroads,5085
BlackFridayProtest,4832
HackBloc,23004
sayoof,32
CultureShipNames,177
5Gcomm,145
noip,2207
Le_sub_du_sale,81
DamnThatsTerrifying,13533
FirstAgainstTheWall,474
snek_irl,14990
ecogenics,1
suddenlytractor,3924
MirrorAnimals,143
BunnyKicks,1203
CoronavirusUT,12913
AfterThereforeBecause,1
seenstit,10
DirectAction,1833
shittycoolguides,17888
factoriomemes,361
CoronaVirusUSA,147
Conor_Edwars,7
R4RcovidNYC,26
Frontlineworkers,262
mrlovenstein,11874
RealPartyFakeMusic,4431
LiberalsvsNazis,2717
StrikeAction,1835
kingcounty,699
Natureiscursed,11066
autonomous,66
dailyspam,4
wetpussy,13457
GoScienceFuckPolitics,9
redflaglawabuses,2031
BurismaNews,1
CivilianDefense,2
JoeBidenActivism,17
PostScarcity,2664
selfcare,26824
enoughowensspam,1921
anarcho_hackers,3831
stupidpeople,4722
InconvenientFacts,2491
VotingReform,189
PraxisTube,4186
WealthColdWar,2
COVIDDarwinAwards,133
PuzzledCats,1941
debatemeateaters,925
urban,718
WarOnEarth,2
TravelNewsZone,68
FourCorners,1222
GeneralGreviousDump,467
MurderersInCars,1665
3dorks1brain,6
kimunity,239
EastAfricanFederation,167
Scooped,3
BernieFor2020,977
scody15,2
HumanityForward,671
BlueStateShitholes,9
ADailyDoseOfInternet,1394
EntitledBitch,308081
Engineers,1960
DeepMyth,19
AlmostParkour,18823
DemocracyNeedsFixing,68
wildlifecorridors,52
VeganDoctors,772
TibblesandRosie,1
worldeconomy,227
Articles,5076
SAGAFTRA,195
welfarebiology,503
Delivery,84
NOCRISISJUSTCHANGE,3
China_War,2
fluffydogs,1823
TrumpDepression,7
waterAliens,3694
smartcities,1930
coalmining,66
anarchogeoism,152
hydrokitties,3328
Lichfield,91
damnthatsadorable,292
economics2,1229
WHATYOUFUCKINGDESERVE,1031
windpower,277
RPDRmemes,2474
BlatantMisogyny,15128
farmtech,2446
thecatchup,4
GeneralStrike,120
shitbjpdoes,248
burgerpunk,695
fuckmycatup,584
BlogsAndThinkpieces,39
ThingsThatBlowUp,30961
smartpol,145
BlueMafia,1
Amreeka,4
FakeProtesters,299
LooneyTunesLogic,75253
SantaCatarina,387
PVIP,1
PrejudiceChallenge,6556
Fakertarians,44
revolutionaryculture,14
Protest2020,22
DystopiaToday,1697
George_FloydProtests,40
Bad_Cop_No_Doughnut,207
brutalityarchive,1130
veganscience,2847
BrutalityTracker,950
WatchAmericaBurn,12
ArchipelagicAnarchism,51
USA2020Protests,308
norwayonreddit,1359
onionfactory,6
ShittyAnimalFacts,139183
WrongCops,0
murderedbycops,9
TheCrescent,3
Bestofprotests,2504
IWork4DavidBrock,7
Reactor,27
ExposePoliceBrutality,350
RiotTactics,1425
UnethicalCompanies,68
MAGAretards,3
MapsWithoutDenmark,4423
WatchRedditPerish,1991
murderers,1041
GoodCop,527
Coppassdenied,8
IndividualAnarchism,1023
thanksgivingammo,28
LondonMuslims,124
PrimateDominanceGame,32
trumpscult,284
reversecottoncandy,48
WorldBank,68
nikolainvestorsclub,12
naturebros,9206
timelapsegifs,2191
0BlackHand,2
ScienceAlliance,8
HumanRewilding,2335
Atheist_Teens,596
whyWeProtest,1
unsong,846
Caguas,209
incrediblyinfuriating,1078
yesyesno,5515
based,2906
good_cop_bad_cop,886
frustratingSinks,6
Democraticpartyusa,230
swolesomememes,26705
maybemaybemaybemaybe,1410
erasethehate,1
nonono,21387
nycpolitics,186
Sahel,46
WebCrawlersPodcast,482
2030,48
indiadefense,227
wildgardens,1000
Unexpectedlyrussian,40
2mad4madlads,37829
ElPasoTx,628
ChargedUpKaren,189
gatekeeping,822099
shooting_stars,9962
FreePolDiscussion,1680
californiapolitics,221
AccessCyber,225
publicdeath,54
voluntaryism,1351
TheDamnSharkRepost,46
EssentialEmployees,578
NoahGetTheArk,2795
detsky,13
ourSub,3
GETTHEFUCKOUTOFTHERE,25
KillFacebook,4
YourMoneyIsYourVote,2
TrackDOJ,7
VeganZeroWaste,30205
Reterra,2
FillsYourNiche,2731
ArtificialNtelligence,467
Catrin,5
CartNarcs,5182
grimdankanimemes,1012
HydroHomiesBeingBros,225
CaribbeanTravel,235
undyneundertale,346
InstantCarma,4818
EUR_irl,12105
BILT,3
infrastructure,824
refusedMask,11
NewTech,749
CLIMATECHANGENOW,31
CarbonFootprint,186
EuropeanNews,232
bipartisanSolutions,76
TrulyOffbeat,1862
BipartisanNews,34
EPA,408
GoodNewsNews,153
Confucianism,1317
ElectricCarsNews,9
MTGuns,336
NorthFLnews,1
PowerinAction,354
CleanMeat,563
bestarticles,227
TurkeyNews,217
BottleNeck,1805
ClimateActivism,64
planet,283
Economic,523
UnderReportedNews,6664
badsinks,68
siRz_oWnlY,13
CovidKarens,82
GrouchySocialists,4434
decriminalizenature,48
Americans,106
AtheismComedy,414
Gamaliel,2
TrackSCOTUS,12
StaceyAbrams,195
TwoFacedTrumpets,1763
SolarEnergyPanel,155
fuckyoutucker,2024
Senate,154
AfricanExpat,175
HealthTechnology,85
psychic_empaths,960
LangTimeStudio,162
MURICANEWS,20
BielayPiston,499
VotingRights,54
InsanitariumReddit,3
TrackTrumpLawsuits,26
PuppyLove,167
waterniggees,382
interestingasduck,3675
Keller,938
objectiveEconomics,165
AnticommieCringe,2767
Deer_IRL,45
EpsteinFakedHisDeath,2835
AuraDragoonZX,2
FuckAmerica,699
chadmemes,2783
Anarchy_Funny_Bone,123
netzero,213
ChrisKyleAmSniper,54
NewMexicoPolitics,401
usdataisbeautiful,2226
SUVs,107
friendlyarchitecture,9526
hacha,2
karensandkens,3
highwayengineering,360
libclimateactivism,451
truetherclub,68
globalevents,83
maskfights,26
anarquismo_br,67
COVID19RippleEffects,26
unlimited_saved_posts,1
PeopleBeingMorons,5895
Fukushima,1347
NoDAPL,2498
WatchDogsDieInside,15057
bioscience,881
shitthatdoesntmatter,3
SouthKorean,348
savedtosendyou,4
marinelife,2852
mapsididntknowineeded,10
KungFuCats,65
coal,544
PlaneFreakout,229
Spacers,8
Hozhor,5
AllCopsAreBad,86
iamabigasshole,10472
USW,201
gayfarmer,170
Crocodilia,888
TheHumanPlague,209
plastichell,9
AfricanUnion,190
ClimateCrisis,945
NefsNook,1
ChinaSucks,136
shitamericanspayfor,10
CoronavirusFL,1182
policeabuse,246
PoliceAccountability1,9
Trump2020,1567
ElectricTruck,50
kylerittenhouseTerror,4
EastAnglia,467
LatinAmericanLeft,209
SelfAwareWolfkin,1544
oilandgas,5307
killitwithfire,2778
ArmedEnvironmentalism,869
solarstocks,500
SenatorRonJohnson,2
grandmasdancing,10
IowaLiberal,3
accidentalrockwell,51344
northamerica,805
BerniesRevolution,598
Restoration_Ecology,7768
OhioConservatives,73
ArcanaPost,2
FeelsLikeTheFirstTime,48181
FFA,1128
confidentlyderanged,61
Sciencology,11
AnywhereButAmazon,3868
ProtectingandServing,2132
WatchTrumpettesCry,2
Mememachina,4
MarijuanaNewsOnline,1351
VictimsOfCapitalism,1174
electriccar,369
SwissArmyKnives,3733
AnarchoPacifism,2424
Reggae_Fusion,188
nycmaps,735
elephantsbeingbros,241
AnimalsWithoutNecks,42431
ActuallyDiscussions,1
globalarchitecture,4
leftypol,1261
ImAStupidPieceOfShit,8069
north_america,116
ThingsProVaxxersSay,234
sanitizedforapproval,2
Sustainable_Energy,606
NVDA_Stock,827
BirdsAreEvil,14
pussystacking,24295
MachinistPorn,8009
GlobalTribeInitiative,60
anarchotranshumanist,2440
alllivesmatter,60
COVID19_Keep_Track,16
CoronaMENA,3739
hamter,725
CanadaFarLeft,674
CorporateMalfeasance,188
AnimalIntelligence,5858
sustainablehome,415
GlobalSouth,191
wdihbm,660
WorldHealthOrg,152
TheLonelyStoner,112
hawaiinews,43
supersatisfying,186
Rational_skeptic,1172
HermanCainAward,1862
unexpecteddestiny,6675
LockedThreadCrosspost,1
March2018,3
Veryfuckingstupid,12656
QuotesAurJokes,5
hotposts,35
EdiblePlants,4250
VoteByMail,397
HoldMyKibble,95864
CorpFree,2471
IowaConservative,31
ChurchAbolition,54
Dogsfreakout,365
khajiithaswares,129604
mattel,63
CyclingTech,785
wildlyinfuriating,11843
infuriatingasfuck,20241
GravelInstitute,2770
StuffJazzMightLike,5
SmalltownBignews,1811
ScaryTechnology,31578
excitingdystopia,601
CoronavirusRegret,2356
abruptbears,5
onsshareplekkie,2
MadMudmen,10078
thisshitistight,8219
FuturologyPolitics,36
CoronaVirusWorldNews,83
WatchdogJournalism,1275
Covid19_economics,1120
TaringaV6,908
NWArkansas,526
environmentaljustice,852
illegallybigleaves,32
LoveForAmazon,964
windmills,168
michigandemocrats,512
evcharging,269
crosspost,424
CoronavirusMidwest,7796
waterbros,23564
TechNewsTomorrow,13
9_8,1
somecoolguys,15
newsly,2
ASEAN_United,357
HC_Capitalism,82
letsgetfuckedup,7062
NoahGetTheHypernova,68
CitizenPlanners,270
ColdCivilWar,89
WHHR4,8
UpliftingPraxis,4498
cyber,11047
Hadusinthefirsthalf,2749
ZeroFucksWereGiven,35547
MassMove,13721
Amusing,7586
eczeMEMEs,2415
Bruisedbanana,1030
globalhealth,9459
alaskanbushpeople,2951
Caleb,738
TravisCoResistance,18
anarchafeminism,5861
Qountry,180
ElectricCarsFL,7
caucasus,698
goodnewsstation,34
agnosticism,5233
TZM,3243
MomentOfPeace,1
AsianAmericanPolitics,131
LithiumNews,149
salt,1299
pocketsand,46453
WHHR_PostTrump,7
politicalwarfare,134
Good_Cop_Free_Donut,34573
fairtax,476
Aotearoa_Anarchism,2221
ContagiousACB,2
handsoffvenezuela,737
ObserverNews,321
crushered,399
NapkinPope,1
mindMYcrack,3
Covid19Assholes,2954
NewColdWar,3375
MuskMarsColony,62
ReggaeMusic,162
watchpeoplealmostdie,57265
LPT,8563
saintmartin,5
PaulHarrell,803
GeorgiaUS,7
SurprisingNoOne,42
FreeAsInFreedom,869
tourism,3998
upbeatnews,75
thestateofshit,6
DeathtoIsraHell,131
AnarchistPodcasts,697
wet_ognions,4
RevPH,708
BidenHarrisForAmerica,87
HoldMyCovid,3
west,71
Badcompanies,8694
DavidDistributed,1
PlanetEarth,1406
Fellowkidssuccess,7854
electionreform,1129
childrenofdemocracy,5306
georgetowntx,3529
OriAndTheBlindForest,17496
2020Election,77
TheSwampDrain,1
KamalaHarris,844
aaronswartz,3221
Taiwancirclejerk,2031
AtgSave,2
AuxerLinks,13
VoterProtection,7
KarenTrump,24
Mypersub_WTF,2
whygoogle,5341
Green_Anarchism,6046
EthiopianHistory,1355
RepublicanPsychology,916
AAVideoArchive,2
DogfreeAww,2931
Rainforest,2628
flags_irl,5616
notstupidifitworks,5490
ElectricVehiclesFL,2
2me4meirl,5966
OneLessDirtbag,1224
SustainableFarming,1422
islamicleft,2754
TeamTrees,22693
CapitalismInDecay,1320
WatchCatsMeowInside,10361
notesandnews,2
BABY_ANIMAL_GIFS,14617
JFKresearcher,1455
accelworld,2320
BGRecipes,1
EarningTheHate,32
2ndcivilwar,387
PeopleBeingAssholes,145
BadInteriorDecorating,735
gorillagifs,389
INTERNETFAMOUSFOREVER,23
CMHPodcast,15
DownTimePodcast,1
DoomsdayBook,9
RedMeatPolitics,138
emojipresident,64
IvanhoeGrammarSchool,10
MaskHarass,684
WhatPeopleDieInside,82
TheEndOfHumanityShow,38
moon2mars,17
Communist,1903
michiganpolitics,338
RIGuns,305
Meetingofthemindz,8
Mihrberg,6
DEGuns,380
moreofmytrash,5
wholesome40k,9870
ItsRainingMemes,9
90sNostalgia,1591
AntiRoadAction,565
TopConspiracy,5071
CHAZRevolution,2684
freetalklive,648
trashpandaswithjobs,42
schadenfreude,6665
Toadbook,1
ideasforgovt,10
AnarchismWOAdjectives,53
Cetacea,2008
wildanimalsuffering,2137
WhatTheFuckIsOSHA,308
ThereIsNoBottom,1882
LeastWeAmuseOurselves,4
UnitedAutoWorkers,175
GFRecipeGifs,135
dumaflache,6
gifsthatendtoosoon,332928
BadAtCat,19387
roads,904
KentuckianaGuns,209
fbiagent37,6
ContinueToServe,1135
GoodRisingTweets,1387
sextrafficking,898
ProbablyGoodToKno,3
zblinks,3
ReplaceCapitalism,170
UberDeutschland,137
BullshitJobs,594
netneutrality,20375
PoliceBrotality,66962
FrenchPoliceVideos,25
AgainstAHSubreddits,982
Nostalgiacore,1001
Bernie_Sanders,4352
SnipingSoup,330
CulturedMeat,125
ZurdoTube,254
anarchismandtheory,785
RubeGoldbergFails,41084
2020electioncrisis,1300
PissDawgs,7
catbongos,2867
HealMovement,2077
Viki1999,1749
9M9H9E9,16657
thestraightdopesub,5
laebrkaes,3
SignsOfProtest,33
fritothebestdoggo,3
SinoDaily,5
ocean,17239
VredditDownloader,5414
birdswithbutts,82
Lubriderm,6
FakeRemakes,3
drunkorjuststupid,873
SzechuanSauceSeekers,2920
CrimethInc,1300
FunnyAtheistMemes,5001
ProjectBlueWorld,6
evolutionReddit,15290
DefundPolice,346
VZC,9
UnpopularFact,1607
CoralRestoration,10234
DogsAreFuckingStupid,7460
climatejustice,1182
LakeErie,475
climateaction,152
LiberalsWhoHateTheCCP,5
Expected,33595
LeftySomalia,332
goodhumorforfuckssake,8
MeansTV,5111
CoronavirusUSCOVID19,111
WHHR6,1
DanCrenshaw,284
Cephalopods,8320
animaltoptalent,310
tloaHuman,60
UrbanSurvivalism,8690
PoliticalPundits,83
worldnews247,19
Democrats2020,3402
StuffForMom,1
nasstyb1tch,27
anarchopiratism,272
antifapassdenied,5003
AlexeiNavalny,21
UighurResearch,135
elephant,1888
AgainstKarmaWhores,5275
NatureTimelapse,8191
BipartisanDebate,40
NEWSfun,2
gonwild,59205
metamtl,7
SuddenlyInJail,186
BibleBeatsBible,1332
PsychicDolphinGarage,3997
lovefromabrownplanet,66
GuerillaPolitics,6134
VRCreators,34
Rastafarianism,208
ANTI_HORNY_REPUBLIC,86
ANormalDayInRomania,173
WorstYearEverPod,1743
clippyclops,1486
DamienLee,1033
FinalDestinationShit,19204
Allopatria,64
TrumpHeadlines,25
SonsofOrpheus,4779
DrawnDicks,114
skeptics,1287
radicalqueers,13378
1gay,6
Export,427
InsanityWPC,392
NewYorkCityResidents,385
MutualistsForBitcoin,142
funnygifs,15599
unnerving,6265
GreaterKurdistan,95
WesternTerrorism,1684
DeliriumSC,6
architecturenewstoday,6
iwouldtotallybuythis,784
RotLichtViertel,349
0000xfyuzn,1
Clonewholookedangrily,171
truenews,16152
goldenretrievergifs,1059
industry,349
AtheisticTeens,1394
YeetingKids,5530
RepublicanHypocrisy,763
fcc,271
awwakeup,28934
CantBelieveThatsReal,46484
WeirdSubreddits,8162
heyscoops,837
Healthcare_costs,2
TerritorialOddities,5506
WomenAreMetal,10
germanynews,96
electionfraud,1504
3B9349145EA67F53,5
CriminalJusticeReform,871
ozzonepazzopazzopazzo,3
HeheMoment,12758
cargirlmemes,54
organizedhealing,40
SimsIRL,15240
NIVEJ,3
wewantcups,82263
FunnyASF,81
anticentrism,2198
Pleelb,3
holdmybraincells,46790
fuckyoujeffbezos,63
