,0
0,tooktoomuch
1,humansarespaceorcs
2,sheetz
3,shouldvebeenthetitle
4,RedDeadOnline_Saloon
5,NonChalantNword
6,BookStew
7,ERB
8,YouGotShutDown
9,RacistsGetPunched
10,PrayersToTrump
11,characterarcs
12,lifecomesatyoufast
13,unintentionalASMR
14,soundporn
15,color
16,LucyAndEye
17,apolloapp
18,LooneyTunesLogic
19,TheDickShow
20,deliverydrivers
21,CartoonMoment
22,mesodumb
23,HuskyTantrums
24,tinyawoos
25,husky
26,ntbdbiwdfta
27,Merddit
28,HilariaBaldwin
29,Lubbock
30,ABA
31,TexasTech
32,NPC_irl
33,BakaNewsJP
34,GamingDetails
35,wtfitems
36,dontputyourdickinthat
37,Bossfight
38,marijuanaenthusiasts
39,ButWhy
40,AquariumMemes
41,Salvia
42,Entomology
43,bees
44,NapkinPope
45,Mindalteringsituation
46,Videdia
47,dannygroen
48,MightyHarvest
49,teenagersbutpog
50,TinyUnits
51,thingsforants
52,unexpectedfuturama
53,GME2
54,banano
55,Eyebleach
56,ftm
57,BananasForScale
58,KarmaConspiracy
59,ftm_irl
60,Machinists
61,Ryukahr
62,BananaWisdom
63,banana
64,populationonevr
65,ForAnts
66,cutefruit
67,PreciousPitbulls
68,WallStreetbetsELITE
69,SuperMegaShow
70,OneyPlays
71,GusAndEddy
72,tippytaps
73,mine75
74,Daww
75,CatsStandingUp
76,PaymoneyWubby
77,cellbits
78,Carpentry
79,Boxer
80,Barkitecture
81,Veterinary
82,KindEngineering
83,olddogs
84,Wholesome_Jail
85,BetterOnMute
86,ContagiousLaughter
87,musharado
88,0000xfyuzn
89,LionTurtle
90,BorderlinePDisorder
91,EmergingTherapies
92,NuminusInvestorsClub
93,UnitedSlothSaves
94,benhoward
95,shroomers
96,microdosing
97,UpvotedBecauseBoobs
98,cute
99,AustralianCattleDog
100,teefies
101,germanshepherds
102,animalsdoingstuff
103,Funny_Memes_Humor
104,beyondthebump
105,murdermittens
106,CrazyFuckingVideos
107,istp
108,Elevators
109,escalator
110,makesitlookeasy
111,raining
112,Sogga
113,RaIn
114,CatTaps
115,cat
116,toshowthekid
117,wet_pussy
118,PavelQualityMemes
119,Lazysharer
120,cosplay
121,amibeingdetained
122,Calgary
123,IdiotsFightingThings
124,JusticeBoner
125,rmbrown
126,SmartIdiots
127,SuddenlyGay
128,gatekeeping
129,pointlesslygendered
130,LibtardPropaganda
131,CoronavirusVariants
132,Ameristralia
133,BATProject
134,Freethought
135,iminfected
136,CoronaFreude
137,ReligionExposed
138,tf2
139,UPS
140,CorporateMisconduct
141,CorporateMalfeasance
142,ThisParanormalLife
143,howisthissurprising
144,NoShitSherlockNews
145,notthebeaverton
146,fordnation
147,EffectiveAltruism
148,curb
149,RawAndReal
150,The_Watch_Towers
151,Philanthropy
152,bestarticles
153,stevencrowder
154,TeacherSex
155,ItalyInformatica
156,pancakeswap
157,FacebookReplacement
158,Qult_Headquarters
159,AlanPartridge
160,TheBeliefInstinct
161,erasethehate
162,StupidFatAmericansSay
163,programming
164,simpleliving
165,confirmmypolitics
166,Slovakia
167,NoNewNormalBan
168,FuckFuckMasks
169,ATT
170,StockMarket
171,Oligopolies
172,degoogle
173,inthenews
174,DeepFuckingValue
175,wsu
176,DeleteTheElite
177,Wallstreetbetsnew
178,occupywallstreetbets
179,scandinavia
180,ReformWallStreet
181,Targetedboycott
182,demsocialists
183,MrRobot
184,indepthstories
185,astrology
186,CasualUK
187,AskAstrologers
188,ObviousStudyResults
189,foodscience
190,ScienceAlliance
191,Humannews
192,sugarisevil
193,Healthcare_costs
194,SiliconValleyHBO
195,CorpFree
196,fuckamazon
197,FuckJeffBezos
198,AntiAmazon
199,antigoogle
200,fragileancaps
201,MensRights
202,Egalitarianism
203,Commonsensescience
204,NewDads
205,CoronavirusRegret
206,schadenfreude
207,covidregret
208,goodnesss
209,wisconsinpolitics
210,WHHR5
211,CivilRights
212,prisonabolition
213,Nurse
214,bostonceltics
215,nbacirclejerk
216,LesionsOnSkanks
217,Legionofskanksfans
218,Dumb
219,strange
220,anything
221,BoomersBeingFools
222,WhyWomenLiveLonger
223,yesyesyesyesno
224,poker
225,yesyesyesno
226,HyphonixRS
227,ICX
228,holdmycosmo
229,ExpensiveAccidents
230,holdmyfuckingteeth
231,Construction
232,TheSimpsons
233,SeesawEffect
234,TheLeagueOfMorons
235,Nittola
236,twinpeaks
237,qcFunny
238,failarmy
239,newsokunomoral
240,W2S
241,Wrasslin
242,AccidentalKarate
243,Suislide
244,Nurses
245,ParentsAreFuckingDumb
246,DoctorMike
247,IdiotsNearlyDying
248,Valhala
249,martialarts
250,BUENZLI
251,guesswhattheybroke
252,failx
253,LowerCaseScreams
254,cringevids
255,Idiots
256,nonononoyes
257,idiotsoutofcars
258,tenet
259,idiotsoutsidecars
260,oakland
261,Charmx
262,Funmix
263,imatotalpeiceofshit
264,Campey45
265,HRSPRS
266,WESTHOLDKNIGHTS
267,mobileweb
268,hmmm
269,2mad4madlads
270,antimeme
271,burgerpunk
272,modernnormanrockwell
273,bulgaria
274,accidentalrockwell
275,peopleofwalmart
276,peachykeenocean
277,GradualChaos
278,policebrutality
279,ReallyAmerican
280,fuckthepolice
281,Mendleton
282,AngryCops
283,godblessamerica
284,DeclineofUS
285,ParlerWatch
286,GTAorRussia
287,BUE
288,Crazyppl
289,leavesomepussyforus
290,LWIAY
291,Funnyfreakouts
292,TikTokCringe
293,IndianJoker
294,TikTokHumor
295,howardstern
296,ForwardsFromKlandma
297,CoronaVirus_2019_nCoV
298,ownthelibs
299,MassMove
300,confidentlyderanged
301,PresidentialRaceMemes
302,The_Leftorium
303,RektByFactsAndLogic
304,enoughowensspam
305,republicans
306,Gen_Z_Republicans
307,ExRepublicans
308,nycpolitics
309,policereform
310,RepublicansForBiden
311,NeverTrump
312,Renewable_Energy_News
313,Dailyslant
314,RooseveltRepublicans
315,BPDlovedones
316,spqrposting
317,Feic
318,agedlikewine
319,YUROP
320,spain
321,sanantonio
322,unexpectedpawnee
323,sanepolitics
324,Irony
325,words
326,WhatsonNow
327,lefttube
328,freemasonry
329,cursedcomments
330,kidsarentreal
331,LPOTL
332,XiIsFinished
333,AntiComAction
334,FragrantHarbour
335,rising
336,notnextfuckinglevel
337,SignsOfProtest
338,basedkids
339,LIHKG
340,cactus
341,arizona
342,titleporn
343,lssplF
344,AthleticoMince
345,labrats
346,AntiLibertarianCringe
347,2007scape
348,SelfAwareWolfkin
349,AmazonFC
350,cornelwest
351,YouVotedforHim
352,AmazoNope
353,32hourworkweek
354,redscarepod
355,SquadDemocrats
356,Classical_Liberals
357,studentloandefaulters
358,196x
359,HC_Capitalism
360,2ndIntelligentSpecies
361,FuckCops
362,Amreeka
363,SRAWeekend
364,DayzXbox
365,Frostpunk
366,upvotebecauseboy
367,gatech
368,VintageLadyBoners
369,OldSchoolCool
370,uofm
371,MichiganWolverines
372,KrollShow
373,drillshitpost
374,NAKDstock
375,TrueStock
376,TheDFVHumorMill
377,sclopethesememes
378,exDawoodiBohra
379,XSomalian
380,ex2x2
381,ExIsmailis
382,ExEgypt
383,stateofMN
384,Anticonsumption
385,AirForce
386,okbuddycapitalist
387,DankLeft
388,red_irl
389,altdogelore
390,bread_irl
391,LateStageCarnism
392,Birthstrike
393,PersianHistory
394,islamichistory
395,lovefromabrownplanet
396,goodpraxis
397,StPetersburgFL
398,MockTheAltRight
399,DeathtoIsraHell
400,Palestine
401,AlexandriaOcasio
402,lansing
403,CollegeRepublicans
404,TrueAntiHateCommunity
405,WhitePeopleR2Blame
406,SouthAsianMasculinity
407,Buttcoin
408,CanadiansInHongKong
409,softwaretesting
410,svk_senju_fans
411,anarchyindia
412,weather
413,meteorology
414,CLOUDS
415,Sciencology
416,Picture_That
417,fuckwasps
418,drones
419,ScaryTechnology
420,PoliticalCompassMeme2
421,plantabuse
422,Rammstein
423,landscaping
424,dji
425,FireFriends
426,riskofrain
427,Chessnewsstand
428,AMCSTOCKS
429,decentraland
430,Wallstreetarmy
431,AnarchyChess
432,SurroundAudiophile
433,FuckImOld
434,antiantiwork
435,nbatopshot
436,digitalmoney
437,NFT
438,Halalstreetbets
439,backseatinvestor
440,cutenoobs
441,skamtebord
442,SamONellaAcademy
443,Professors
444,xqcow
445,signs
446,clonehigh
447,theydidthefuckyou
448,Lysium
449,Brawlstars
450,cryptocurrencymemes
451,GlitchInTheMatrix
452,JustCause
453,Yltd
454,ChuckleSandwich
455,ThePrepared
456,severeweather
457,NonFunctionSlackFill
458,kroger
459,untrustworthypoptarts
460,extremelyinfuriating
461,Foodlottery
462,MBMBAM
463,funnysigns
464,Ethicalpetownership
465,max
466,Tierzoo
467,PartyParrot
468,ryryandtay
469,onejob
470,shittyviews
471,foodscam
472,Pareidolia
473,deliciouscompliance
474,UnnecessaryInventions
475,Videoyun
476,bootlickingnews
477,UNBBBBIIVCHIDCTIICBB
478,UpvotedBecauseBoy
479,yourlittlesafespace
480,anonymous
481,TrueAnon
482,PissDawgs
483,ogman
484,Qountry
485,Trump_Impeachment
486,AutoFlorist
487,StonerEngineering
488,ThankGodImnotUS
489,PoCDoingGoodThings
490,BolsonaroBurro
491,cannabisinbrazil
492,coronabr
493,Policeoversight
494,Copy_and_Paste_Roger
495,americandad
496,FargoTV
497,LawSchool
498,13or30
499,BoycottChinaRussiaUSA
500,PussyPass
501,NotWorthTheSqueeze
502,fuckmarjorietaylor
503,stevehofstetter
504,offbeat
505,BanTheGOP
506,Marjorie_Taylor_Green
507,SexWorkers
508,svihs
509,paradoxpolitics
510,LegalEagle
511,HillaryForPrison
512,climate
513,Rainforest
514,ForestHealth
515,climateaction
516,conspiracyNOPOL
517,HVAC
518,bad_dgu
519,WHHR6
520,noagenda
521,Bolehland
522,NegarakuMalaysia
523,formuladank
524,maximumoutrage
525,usmedicalbills
526,The_Impeachment
527,The_Dotard
528,LockHimOut
529,MandRproductions
530,dumbasseswithlighters
531,holdmybeaker
532,michaelbaygifs
533,Explosion_Gfys
534,StrangeAndFunny
535,abudhabi
536,russia
537,winniepoohpresident
538,dsrfunny
539,worldevents
540,activism
541,belarus
542,espionage
543,AlexeiNavalny
544,SzechuanSauceSeekers
545,CoronavirusFL
546,europeans
547,PKA
548,Chodi
549,RedshirtsUnite
550,saskatchewan
551,BadCopNoTimbit
552,Sudbury
553,laurentian
554,uwo
555,londonontario
556,Yukon
557,FuckTheNED
558,technology
559,OSINT
560,CANZUK
561,Foreign_Interference
562,FuckTheChineseGov
563,copaganda
564,PrejudiceChallenge
565,GME_permabanRefugees
566,OnCinemaAtTheCinema
567,GoodCop
568,BiglyForBiden
569,FuckLaurenBoebert
570,CoV2Canada
571,COVID19_vaccines
572,McJuggerNuggets
573,SwitzerlandIsFake
574,SurreyBC
575,IntoThePitOfLife
576,desmoines
577,QuadCities
578,Guyana
579,Caribbean
580,Jamaica
581,greenwizards
582,intlleftalliance
583,AnimalRights
584,HumanityForward
585,RenewableNews
586,SolarEnergyPanel
587,worldeconomy
588,businessnews
589,childrenofdemocracy
590,breakingnews
591,ClimateActivism
592,COVID19RippleEffects
593,GeorgiaUS
594,GoodNewsNews
595,Economic
596,ForUnitedStates
597,EarthEnthusiasts
598,environmentaljustice
599,GlobalPolitics
600,northamerica
601,USGovernment
602,NewsHub
603,ErieCO
604,politicsCO
605,altnewz
606,cincinnati
607,ohiopolitics
608,uninsurable
609,akron
610,nuclearweapons
611,emojipresident
612,enviroaction
613,libclimateactivism
614,scouting_electric
615,climatejustice
616,BidenHarrisForAmerica
617,climatedisalarm
618,germany
619,uktrees
620,EdmontonMarijuana
621,swedents
622,Drugs
623,LosAngelesStonks
624,azerbaijan
625,caucasus
626,DenverCirclejerk
627,TheEnergyTransition
628,ABoringUtopia
629,solarstocks
630,srilankacomputing
631,solarenergy
632,supplychain
633,teslainvestorsclub
634,GeneralMotors
635,CCIV
636,car
637,TSLALounge
638,KeyWest
639,AllianceforScience
640,EBANG
641,upstate_new_york
642,TomSegura
643,schenectady
644,erowid
645,psychadelics
646,AdeptusPsychonautica
647,2bears1cavepodcast
648,psychonauts
649,jimjefferies
650,Ayahuasca
651,PsychedelicTherapy
652,dissociatives
653,drugpolicy
654,askdrugs
655,ualbany
656,DMTandSpirituality
657,timetolegalize
658,PoliticalRevolutionNY
659,TechDystopia
660,ReversibleComputing
661,CanaryWharfBets
662,longevity
663,oregon
664,CollapseScience
665,LietuvosPolitika
666,Communitarian
667,wheresthebeef
668,YangGang
669,Shadowrun
670,vegetarian
671,uruguay
672,VeganInfographics
673,CrustofReason
674,Beekeeping
675,YourPestLife
676,WeEatBees
677,bee
678,Star_Trek
679,VeganForCircleJerkers
680,exfor
681,bioengineering
682,jakeandamir
683,steak
684,saintmartin
685,RedMeatScience
686,KarmaFarming4Pros
687,CulturedMeat
688,UniversalBasicIncome
689,SimDemocracy
690,oil
691,manufacturing
692,ave
693,3Dprinting
694,Slimtinfox
695,EPA
696,About_Trees
697,LowSodiumCyberpunk
698,meateatertv
699,EAAnimalAdvocacy
700,tech
701,CleanMeat
702,GuerrillaGardening
703,Minneapolis
704,RedditTimeCapsule
705,montreal4all
706,menwritingwomen
707,Nio
708,ASX_Bets
709,InvestmentClub
710,portugal2
711,solarpower
712,PatriotTV
713,civilengineering
714,GoNuclearNow
715,KyleHill
716,coal
717,methanecrisis
718,airplanes
719,airport
720,TechNewsTomorrow
721,Delivery
722,Airports
723,ScienceRejects
724,BidenCoalition
725,ClimateNews
726,solarpowerplants
727,CleanEnergyStocks
728,australianweather
729,gustavoism
730,beefanddairynetwork
731,Sandovals
732,GreatReset
733,GetIt2Gether
734,hanguk
735,SubSimGPT2Interactive
736,BanterMeThis
737,Luxury
738,doomists
739,PlasticFreeLiving
740,RevolutionNowPodcast
741,redrising
742,holyshit
743,theyknew
744,mildlyinfuriating
745,RedditThroughHistory
746,Tartaria
747,darksoulsmemes
748,CuriousAndFascinating
749,hungary
750,bigaussieprepper
751,geography
752,esp8266
753,pennystocks
754,Arkansas
755,CanadianInvestor
756,CanadianStockExchange
757,bus
758,AskEngineers
759,streaming
760,Boisreddit
761,neuralcode
762,Monke
763,lambdajournal
764,fuqae
765,valve
766,AtheismComedy
767,Knowledge_is_Power
768,greenhydrogen
769,cars
770,trollfare
771,craftofintelligence
772,MichaelFlynn
773,UAE
774,renseignement
775,war
776,edge
777,SanLuisPotosi
778,WtWBBot
779,mejico
780,RevPlowedTheSea
781,AtomicPotential
782,nuclearcirclejerk
783,water
784,thetagang
785,finance
786,Birates
787,thebigcrash
788,Baystreetbets
789,tloaHuman
790,CECIA
791,MapPorn
792,massachusetts
793,UniversityofKansas
794,mapswithoutalaska
795,gardening
796,AfterTheEndFanFork
797,alaska
798,Infographics
799,Gaiaphilosophy
800,cannabiscultivation
801,highereducation
802,PeopleLiveInCities
803,williamandmary
804,latterdaysaints
805,woodstoving
806,emergencymedicine
807,DrakeTheType
808,coolguides
809,LemonadeInvestorsClub
810,RoverPetSitting
811,WestVirginiaCantWait
812,HowDogsWork
813,diamonddoge
814,vermont
815,Bend
816,kansas
817,CovidDataDaily
818,notesandnews
819,Borderporn
820,outrun
821,Interesting_Shit
822,CoronavirusUS
823,CoronaVirusNC
824,ACircleHasNoBoundary
825,ElectionMaps
826,USElectionMaps
827,fivethirtyeight
828,SomeMoreNews
829,SiftedbyNualkris
830,vexillology
831,raleigh
832,WOTBelectionintegrity
833,Votebreaker
834,KitchenNightmares
835,uglydata
836,oddlyterrifying
837,subsithoughtifellfor
838,gifsthatkeepongiving
839,fullysaved
840,COVID
841,Charlotte
842,SeattleWA
843,Benjibulia
844,treedibles
845,OhioMarijuana
846,FloridaTrees
847,xcountryskiing
848,DataArt
849,Buick
850,Mexico_News
851,TechoNegro
852,TechoBlanco
853,latinoamerica
854,Latino
855,memexico
856,gaymerslatinos
857,MemesEnEspanol
858,burbank
859,RepublicaArgentina
860,notArgentina
861,ConspiracyPsychology
862,PositiveNewsCovid19
863,WorldsOutsideReality
864,UnpopularFacts
865,CreaturesOfTheHaunt
866,Stockton
867,singapore
868,CaliforniaForYang
869,indonesia
870,Boycott_FOXNews
871,predaddit
872,blackfathers
873,FollowSnow
874,ScienceTeachers
875,slp
876,BehaviorAnalysis
877,psychology
878,neuroscience
879,RealmofDarkPsych
880,UnlearningEconomics
881,Mindfulness
882,cults
883,Sufism
884,Wakingupapp
885,ExPentecostal
886,Gaudiya_Vaisnavism
887,chicoinescultreport
888,billsimmons
889,SocialismAndVeganism
890,yourlearningcurve
891,CarletonU
892,TumblrCirclejerk
893,ScienceBasedParenting
894,raisingkids
895,SocConstructOfReality
896,ClimateOffensive
897,consulting
898,CGPGrey2
899,AgainstPolarization
900,MoralPsychology
901,tories
902,Conservitization
903,CoronavirusRecession
904,Zillennials
905,Conversation_Corner
906,r_kenmou
907,Kletskerk
908,GeoVideos
909,AssassinsCreedOdyssey
910,PhilosophyMemes
911,ColorPink
912,abandoned
913,regularshow
914,LightsCameraPodcast
915,Simon_Stalenhag
916,bisexual
917,frogs
918,nonbinarymemes
919,thefrogottenones
920,diablo3
921,Overwatch
922,gaymers
923,toptalent
924,Bedtimememes
925,Weird
926,SatisfactoryGame
927,botw
928,ThisShouldBeAPokemon
929,BeansInThings
930,weirdal
931,Nmpx
932,HumanForScale
933,AC_Old_Farts
934,aromantic
935,classics
936,polyamory
937,Surveying
938,crazyexgirlfriend
939,james_acaster
940,Triangles
941,iDiedLookingAtThis
942,Tyranids
943,imsorrytakua
944,goatvalleycampgrounds
945,TILI
946,MeatCanyon
947,KingdomDeath
948,whatsthisbug
949,spelunky
950,Pikmin
951,misleadingthumbnails
952,insects
953,awwnverts
954,DeepRockGalactic
955,Breath_of_the_Wild
956,turtles
957,UMD
958,biodiversity
959,MagicCreatures
960,4g11
961,DiamondHandsRockets
962,TheBrewery
963,boston
964,UK_beer
965,Coldmirror
966,witchyaesthetic
967,atwwdpodcast
968,TwoBestFriendsPlay
969,ACK
970,sistersofbattle
971,Andy_washere
972,morbidlybeautiful
973,420
974,Hornyjail
975,aaaaaaaarrrrro
976,Memes_Of_The_Dank
977,greece
978,flatearth
979,IndiansHot2
980,CardanoNL
981,crypt0snews
982,AAXExchange
983,btc
984,BitcoinBetsLIVE
985,Turkey
986,rccars
987,Miniworlds
988,EngineeringStudents
989,POODLTOKEN
990,literaciafinanceira
991,veganfitness
992,idiocracy
993,Rochester
994,malegrooming
995,GelatoNetwork
996,qnaQuora
997,Belgium_kingdomOf
998,oblivion
999,playalone
1000,Etoro
1001,ForAllMankindTV
1002,space2030
1003,ChinaDomination
1004,murakami
1005,XRP
1006,cardano
1007,nanocurrency
1008,Particl
1009,varikonniemi
1010,oddlyspecific
1011,Stock_Market_DD
1012,CitizenPlanners
1013,NewDealAmerica
1014,Systemic_Risk
1015,IndivisibleGuide
1016,climatestrike
1017,Winnipeg
1018,mcgill
1019,infographic
1020,Sunriseredding
1021,MassachusettsPolitics
1022,politicsunitedstates
1023,JamesHoffmann
1024,coffee_roasters
1025,PlasticRecycling
1026,recycling
1027,Urbanism
1028,NUMTOT
1029,megafaunarewilding
1030,GreenStreetBets
1031,covidmx
1032,Geedis
1033,Ryan
1034,kirillwashere
1035,loveliveserve
1036,CoronavirusSupport
1037,Vaccine
1038,COVIDGoodNews
1039,Covid19_economics
1040,VACCINES
1041,Real_Sikhi
1042,srilanka
1043,EcoFriendly
1044,WeAreNotAsking
1045,NormMacdonald
1046,venturebros
1047,uptiltingnews
1048,howyoudoin
1049,Missing411
1050,BREADPOD
1051,MedievalCats
1052,HighValueCommodities
1053,perfectloops
1054,dumaflache
1055,HadToHurt
1056,Manatees
1057,kilian
1058,Hugemanatee
1059,fpv
1060,videography
1061,nevertellmetheodds
1062,DC_Cinematic
1063,bioniclelego
1064,FPVFlow
1065,Dronescapes
1066,Castelbon
1067,NeoCommunistArchive
1068,iamapieceofshit
1069,playboicarti
1070,CopsBeingBastards
1071,ShitPussiesDo
1072,OpenChristian
1073,Cr1TiKaL
1074,memphis
1075,forhonorknights
1076,RedditDefenceUnit
1077,NoRules
1078,Quakers
1079,Whistleblowers
1080,bropill
1081,BAME_UK
1082,memeswithoutmods
1083,PoliticalVideo
1084,BernieFor2020
1085,Police_the_Police_ACP
1086,Nonbinaryteens
1087,ActualHumanity
1088,toocursedforcomfort
1089,christiananarchism
1090,NewJerseyFreeSpeech
1091,CummieWummies
1092,Politicallyawful
1093,czechmemes
1094,UFOs
1095,ufo
1096,neoconNWO
1097,mildlyhalo
1098,acecombat
1099,IdiotsOnCars
1100,UpvoteBecauseButt
1101,Funesto
1102,darkmast3r
1103,OntarioCanada
1104,ReligionOrDrugs
1105,IThinkYouShouldLeave
1106,Suicide4Fun
1107,DarkAcademia
1108,Harmontown
1109,finegentlemen
1110,woof_irl
1111,PeakyBlinders
1112,dogswearinghats
1113,sEND_MEmes
1114,geology
1115,ReptiloidsLeague
1116,KarmaRoulette
1117,smoobypost
1118,drugmemes
1119,Potterless
1120,DailyLiveThread
1121,Corridor
1122,transformers
1123,ANormalDayInRussia
1124,Drifting
